{
  "builders": [{
    "type": "amazon-ebs",
    "associate_public_ip_address": "true",
    "source_ami_filter": {
      "filters": {
        "virtualization-type": "hvm",
        "name": "amzn-ami-hvm-2018.03*",
        "root-device-type": "ebs"
      },
      "owners": ["amazon"],
      "most_recent": true
    },
    "instance_type": "{{user `instance_type`}}",
    "launch_block_device_mappings": [{
      "device_name": "/dev/xvda",
      "volume_size": "{{user `volume_size_root`}}",
      "volume_type": "{{user `volume_type_root`}}",
      "delete_on_termination": true
    }],
    "vpc_id": "{{user `vpc_id`}}",
    "subnet_id": "{{user `subnet_id`}}",
    "ssh_username": "ec2-user",
    "ami_name": "hail-{{user `hail_name_version`}}-vep-{{user `vep_version`}}",
    "ami_description": "{{user `ami_description`}}",
    "iam_instance_profile": "{{user `instance_profile_name`}}",
    "tags": {
      "Name": "hail-{{user `hail_name_version`}}-vep-{{user `vep_version`}}",
      "managed-by": "packer",
      "packer-version": "{{packer_version}}",
      "emr-version": "{{user `emr_version`}}",
      "hail-version": "{{user `hail_version`}}",
      "spark-version": "{{user `spark_version`}}",
      "source-ami": "{{.SourceAMIName}}",
      "vep-version": "{{user `vep_version`}}"
    }
  }],
  "provisioners": [{
      "type": "shell",
      "inline": "echo -e '* soft nofile 8192\n* hard nofile 8192' | sudo tee -a /etc/security/limits.conf"
    },
    {
      "type": "shell",
      "environment_vars": [
        "HAIL_VERSION={{user `hail_version`}}",
        "SPARK_VERSION={{user `spark_version`}}"
      ],
      "execute_command": "sudo -S bash -c 'ulimit -Sn && ulimit -Hn && {{ .Vars }} {{ .Path }}'",
      "scripts": [
        "scripts/hail_build.sh"
      ]
    },
    {
      "type": "shell",
      "environment_vars": [
        "VEP_VERSION={{user `vep_version`}}",
        "HAIL_BUCKET={{user `hail_bucket`}}"
      ],
      "execute_command": "sudo -S bash -c '{{ .Vars }} {{ .Path }}'",
      "scripts": [
        "scripts/htslib.sh",
        "scripts/samtools.sh",
        "scripts/vep_install.sh"
      ]
    },
    {
      "type": "file",
      "source": "scripts/R_install.R",
      "destination": "/tmp/R_install.R"
    }, {
      "type": "shell",
      "inline": [
        "sudo yum -y install R",
        "sudo R --no-save < /tmp/R_install.R && rm /tmp/R_install.R"
      ]
    },
    {
      "type": "shell",
      "inline": "sudo sed -i '$d' /etc/security/limits.conf && sudo sed -i '$d' /etc/security/limits.conf"
    },
    {
      "type": "shell",
      "execute_command": "sudo -S bash -c '{{ .Path }}'",
      "scripts": [
        "scripts/ami_cleanup.sh"
      ]
    }
  ]
}
